"StateCode","CountyName","MedianHousePrice"
"AK","Anchorage",306691.67
"AK","Fairbanks North Star",193461.38
"AK","Juneau",349950.00
"AK","Kenai Peninsula",238358.50
"AK","Kodiak Island",332500.00
"AK","Matanuska Susitna",234475.00
"AK","Sitka",426900.00
"AL","Autauga",183163.25
"AL","Baldwin",255185.71
"AL","Barbour",195000.00
"AL","Blount",154450.00
"AL","Butler",129900.00
"AL","Calhoun",127130.00
"AL","Cherokee",218633.33
"AL","Chilton",159416.67
"AL","Clay",229000.00
"AL","Coffee",127750.00
"AL","Colbert",142616.67
"AL","Covington",151500.00
"AL","Cullman",173425.00
"AL","Dale",118733.33
"AL","De Kalb",177900.00
"AL","Elmore",179305.40
"AL","Escambia",134900.00
"AL","Etowah",149900.00
"AL","Geneva",113450.00
"AL","Henry",173625.00
"AL","Houston",164890.00
"AL","Jackson",171175.00
"AL","Jefferson",203667.77
"AL","Lauderdale",201560.00
"AL","Lawrence",129900.00
"AL","Lee",239078.57
"AL","Limestone",184633.33
"AL","Madison",219543.17
"AL","Marengo",144900.00
"AL","Marshall",159430.00
"AL","Mobile",142357.22
"AL","Montgomery",125411.11
"AL","Morgan",178716.67
"AL","Pike",155475.00
"AL","Randolph",329450.00
"AL","Russell",128250.00
"AL","Saint Clair",218175.00
"AL","Shelby",228683.57
"AL","Talladega",153716.67
"AL","Tallapoosa",324900.00
"AL","Tuscaloosa",221223.93
"AL","Walker",167400.00
"AL","Winston",277175.00
"AR","Arkansas",99450.00
"AR","Ashley",106000.00
"AR","Baxter",149900.00
"AR","Benton",245274.55
"AR","Boone",144700.00
"AR","Carroll",211250.00
"AR","Clark",138000.00
"AR","Clay",79250.00
"AR","Cleburne",225233.33
"AR","Columbia",147000.00
"AR","Craighead",170083.33
"AR","Crawford",148200.00
"AR","Crittenden",155000.00
"AR","Cross",110500.00
"AR","Drew",160000.00
"AR","Faulkner",166456.20
"AR","Franklin",109000.00
"AR","Fulton",139900.00
"AR","Garland",208199.75
"AR","Grant",145000.00
"AR","Greene",134900.00
"AR","Hot Spring",95700.00
"AR","Izard",135616.67
"AR","Jefferson",99975.00
"AR","Johnson",125650.00
"AR","Logan",93700.00
"AR","Lonoke",153162.50
"AR","Marion",156466.67
"AR","Mississippi",84950.00
"AR","Polk",129950.00
"AR","Pope",140283.33
"AR","Pulaski",192385.00
"AR","Saline",186470.00
"AR","Scott",89900.00
"AR","Sebastian",155878.57
"AR","Sharp",99575.00
"AR","Stone",168250.00
"AR","Van Buren",113800.00
"AR","Washington",234571.43
"AR","White",140750.00
"AR","Yell",109900.00
"AZ","Apache",167000.00
"AZ","Cochise",166185.71
"AZ","Coconino",374548.67
"AZ","Gila",231450.00
"AZ","Graham",170000.00
"AZ","Maricopa",325221.46
"AZ","Mohave",213790.91
"AZ","Navajo",255351.50
"AZ","Pima",238370.84
"AZ","Pinal",227981.61
"AZ","Santa Cruz",294500.00
"AZ","Yavapai",380787.12
"AZ","Yuma",173972.50
"CA","Alameda",779768.32
"CA","Amador",349510.00
"CA","Butte",290666.67
"CA","Calaveras",371098.50
"CA","Contra Costa",750223.83
"CA","Del Norte",258500.00
"CA","El Dorado",468200.00
"CA","Fresno",289051.98
"CA","Glenn",279900.00
"CA","Humboldt",314700.00
"CA","Imperial",247728.75
"CA","Inyo",422450.00
"CA","Kern",226028.38
"CA","Kings",254950.00
"CA","Lake",291100.00
"CA","Los Angeles",814689.46
"CA","Madera",350989.21
"CA","Marin",1651125.00
"CA","Mariposa",298500.00
"CA","Mendocino",408816.67
"CA","Merced",269839.00
"CA","Modoc",125000.00
"CA","Mono",564000.00
"CA","Monterey",927221.29
"CA","Napa",671333.00
"CA","Nevada",539400.00
"CA","Orange",893505.78
"CA","Placer",505824.29
"CA","Plumas",305833.33
"CA","Riverside",409814.38
"CA","Sacramento",370150.14
"CA","San Benito",559000.00
"CA","San Bernardino",349178.01
"CA","San Diego",795167.35
"CA","San Francisco",1205444.39
"CA","San Joaquin",379324.38
"CA","San Luis Obispo",703927.86
"CA","San Mateo",1459382.88
"CA","Santa Barbara",1110864.62
"CA","Santa Clara",1224081.44
"CA","Santa Cruz",851612.50
"CA","Shasta",268733.33
"CA","Siskiyou",287000.00
"CA","Solano",443210.77
"CA","Sonoma",653717.50
"CA","Stanislaus",306983.14
"CA","Sutter",303699.75
"CA","Tehama",258466.67
"CA","Trinity",275000.00
"CA","Tulare",242858.33
"CA","Tuolumne",286050.00
"CA","Ventura",673261.90
"CA","Yolo",493785.00
"CA","Yuba",273222.50
"CO","Adams",356043.29
"CO","Alamosa",193250.00
"CO","Arapahoe",381768.04
"CO","Archuleta",409000.00
"CO","Boulder",609318.35
"CO","Broomfield",497250.00
"CO","Chaffee",433500.00
"CO","Costilla",344999.00
"CO","Custer",320000.00
"CO","Delta",328116.67
"CO","Denver",493168.19
"CO","Douglas",550524.23
"CO","Eagle",1288500.00
"CO","El Paso",320824.00
"CO","Elbert",485450.00
"CO","Fremont",224500.00
"CO","Garfield",480300.00
"CO","Gilpin",417950.00
"CO","Grand",636216.00
"CO","Gunnison",1199000.00
"CO","Hinsdale",447500.00
"CO","Huerfano",135000.00
"CO","Jefferson",472281.89
"CO","La Plata",503633.33
"CO","Lake",274950.00
"CO","Larimer",413634.77
"CO","Las Animas",187000.00
"CO","Logan",139900.00
"CO","Mesa",256922.63
"CO","Moffat",179900.00
"CO","Montezuma",329833.33
"CO","Montrose",414975.00
"CO","Ouray",666950.00
"CO","Park",404487.50
"CO","Pitkin",2425000.00
"CO","Pueblo",216073.75
"CO","Rio Blanco",210250.00
"CO","Rio Grande",254466.67
"CO","Saguache",239000.00
"CO","Summit",795000.00
"CO","Teller",302450.00
"CO","Weld",353303.31
"CT","Fairfield",811644.87
"CT","Hartford",262291.15
"CT","Litchfield",299412.00
"CT","Middlesex",334012.46
"CT","New Haven",258370.28
"CT","New London",269311.14
"CT","Tolland",246475.00
"CT","Windham",214332.67
"DC","District of Columbia",601965.90
"DE","Kent",228883.33
"DE","New Castle",249964.21
"DE","Sussex",320488.28
"FL","Alachua",208802.00
"FL","Baker",183900.00
"FL","Bay",286545.00
"FL","Brevard",270705.00
"FL","Broward",354099.14
"FL","Charlotte",276744.41
"FL","Citrus",179364.29
"FL","Clay",226973.33
"FL","Collier",526189.81
"FL","Columbia",202737.50
"FL","Duval",219081.20
"FL","Escambia",178822.00
"FL","Flagler",271450.00
"FL","Franklin",404950.00
"FL","Gadsden",139450.00
"FL","Gulf",349900.00
"FL","Hendry",169000.00
"FL","Hernando",195279.31
"FL","Highlands",152841.67
"FL","Hillsborough",267808.08
"FL","Holmes",133500.00
"FL","Indian River",303833.57
"FL","Jackson",132150.00
"FL","Lake",256320.96
"FL","Lee",304501.48
"FL","Leon",213000.00
"FL","Levy",216116.67
"FL","Madison",160500.00
"FL","Manatee",405303.50
"FL","Marion",186304.25
"FL","Martin",354559.00
"FL","Miami-Dade",455076.31
"FL","Monroe",725000.00
"FL","Nassau",270400.00
"FL","Okaloosa",297912.50
"FL","Okeechobee",165000.00
"FL","Orange",306403.54
"FL","Osceola",244524.62
"FL","Palm Beach",380702.83
"FL","Pasco",225489.94
"FL","Pinellas",300552.03
"FL","Polk",206101.86
"FL","Putnam",203925.00
"FL","Saint Johns",376275.56
"FL","Saint Lucie",235653.75
"FL","Santa Rosa",293799.17
"FL","Sarasota",363808.61
"FL","Seminole",301841.70
"FL","Sumter",256550.00
"FL","Suwannee",218250.00
"FL","Taylor",175000.00
"FL","Volusia",229084.50
"FL","Wakulla",265250.00
"FL","Walton",374567.50
"FL","Washington",150000.00
"GA","Baldwin",189900.00
"GA","Barrow",187900.00
"GA","Bartow",190410.00
"GA","Ben Hill",89900.00
"GA","Berrien",124900.00
"GA","Bibb",132814.92
"GA","Bryan",202158.33
"GA","Bulloch",170450.00
"GA","Burke",169900.00
"GA","Butts",159900.00
"GA","Camden",202963.33
"GA","Candler",159900.00
"GA","Carroll",161062.50
"GA","Catoosa",195000.00
"GA","Chatham",282508.64
"GA","Cherokee",300047.08
"GA","Clarke",196162.50
"GA","Clayton",122974.94
"GA","Cobb",293780.58
"GA","Coffee",116850.00
"GA","Colquitt",150550.00
"GA","Columbia",228736.88
"GA","Coweta",270218.50
"GA","Crisp",229750.00
"GA","Dawson",269000.00
"GA","Decatur",148225.00
"GA","Dekalb",309129.50
"GA","Dodge",109000.00
"GA","Dougherty",137200.00
"GA","Douglas",172300.00
"GA","Effingham",200633.33
"GA","Elbert",130000.00
"GA","Fannin",323083.33
"GA","Fayette",377143.80
"GA","Floyd",161700.00
"GA","Forsyth",374361.50
"GA","Fulton",458164.33
"GA","Gilmer",236836.67
"GA","Glynn",790437.38
"GA","Gordon",195365.00
"GA","Grady",166700.00
"GA","Greene",470000.00
"GA","Gwinnett",274908.50
"GA","Habersham",234700.00
"GA","Hall",225481.07
"GA","Hancock",175000.00
"GA","Harris",271600.00
"GA","Hart",259950.00
"GA","Henry",207223.10
"GA","Houston",208272.00
"GA","Jackson",265018.13
"GA","Jasper",177750.00
"GA","Jeff Davis",95000.00
"GA","Lamar",142500.00
"GA","Lanier",134900.00
"GA","Laurens",152400.00
"GA","Lee",159900.00
"GA","Liberty",177400.00
"GA","Long",185000.00
"GA","Lowndes",148262.50
"GA","Lumpkin",292000.00
"GA","McDuffie",135000.00
"GA","McIntosh",257500.00
"GA","Meriwether",84900.00
"GA","Mitchell",83700.00
"GA","Morgan",356725.00
"GA","Murray",149900.00
"GA","Muscogee",177165.00
"GA","Newton",227275.00
"GA","Oconee",337433.17
"GA","Peach",166900.00
"GA","Pickens",319250.00
"GA","Pierce",184900.00
"GA","Polk",141456.25
"GA","Putnam",299000.00
"GA","Rabun",289900.00
"GA","Richmond",203520.00
"GA","Rockdale",194316.67
"GA","Screven",111950.00
"GA","Seminole",162249.50
"GA","Spalding",139900.00
"GA","Stephens",207225.00
"GA","Sumter",98500.00
"GA","Tattnall",125000.00
"GA","Thomas",191600.00
"GA","Tift",143675.00
"GA","Toombs",141950.00
"GA","Towns",275475.00
"GA","Troup",154054.50
"GA","Union",249922.00
"GA","Upson",105000.00
"GA","Walker",144525.00
"GA","Walton",244433.33
"GA","Ware",109900.00
"GA","Washington",120000.00
"GA","Wayne",122950.00
"GA","White",208286.67
"GA","Whitfield",182925.00
"HI","Hawaii",440677.23
"HI","Honolulu",718151.47
"HI","Kauai",717798.50
"HI","Maui",712428.57
"IA","Appanoose",76900.00
"IA","Benton",142500.00
"IA","Black Hawk",130850.00
"IA","Boone",129950.00
"IA","Bremer",187250.00
"IA","Buchanan",126500.00
"IA","Buena Vista",159500.00
"IA","Carroll",144900.00
"IA","Cass",89950.00
"IA","Cerro Gordo",186525.00
"IA","Clarke",129900.00
"IA","Clay",156950.00
"IA","Clinton",69900.00
"IA","Dallas",224300.00
"IA","Decatur",84000.00
"IA","Des Moines",105000.00
"IA","Dickinson",267533.33
"IA","Dubuque",201325.00
"IA","Guthrie",239500.00
"IA","Hamilton",105000.00
"IA","Hardin",135000.00
"IA","Humboldt",128400.00
"IA","Jasper",99900.00
"IA","Jefferson",137500.00
"IA","Johnson",294771.43
"IA","Jones",184500.00
"IA","Kossuth",129900.00
"IA","Lee",89700.00
"IA","Linn",212683.25
"IA","Madison",219900.00
"IA","Mahaska",111400.00
"IA","Marion",204925.00
"IA","Mills",169900.00
"IA","Monroe",107000.00
"IA","Montgomery",92500.00
"IA","Muscatine",139900.00
"IA","Page",84700.00
"IA","Polk",228085.22
"IA","Pottawattamie",131362.50
"IA","Poweshiek",159900.00
"IA","Scott",224615.00
"IA","Shelby",114400.00
"IA","Sioux",227046.00
"IA","Story",238187.50
"IA","Wapello",88000.00
"IA","Warren",267885.00
"IA","Washington",119000.00
"IA","Webster",102500.00
"IA","Woodbury",202150.00
"ID","Ada",324113.00
"ID","Bannock",184450.00
"ID","Bear Lake",111200.00
"ID","Bingham",147500.00
"ID","Blaine",479000.00
"ID","Boise",293500.00
"ID","Bonner",434000.00
"ID","Bonneville",212212.50
"ID","Boundary",259000.00
"ID","Canyon",223134.29
"ID","Elmore",161250.00
"ID","Gem",210900.00
"ID","Gooding",126500.00
"ID","Jefferson",249900.00
"ID","Jerome",199900.00
"ID","Kootenai",342090.00
"ID","Latah",255328.50
"ID","Lemhi",239000.00
"ID","Lincoln",165250.00
"ID","Nez Perce",225000.00
"ID","Payette",204949.50
"ID","Teton",399000.00
"ID","Twin Falls",249450.00
"ID","Valley",393875.00
"ID","Washington",177950.00
"IL","Adams",184175.00
"IL","Bond",78000.00
"IL","Boone",167450.00
"IL","Bureau",107200.00
"IL","Carroll",151999.50
"IL","Champaign",170925.00
"IL","Christian",89450.00
"IL","Clinton",128950.00
"IL","Coles",85575.00
"IL","Cook",297916.95
"IL","DeKalb",190512.50
"IL","Dewitt",88250.00
"IL","Douglas",110700.00
"IL","Du Page",389841.55
"IL","Effingham",203000.00
"IL","Fayette",99500.00
"IL","Ford",104500.00
"IL","Franklin",69725.00
"IL","Fulton",74900.00
"IL","Grundy",208787.50
"IL","Henry",169450.00
"IL","Iroquois",79500.00
"IL","Jackson",96175.00
"IL","Jefferson",109900.00
"IL","Jersey",100000.00
"IL","Jo Daviess",209350.00
"IL","Kane",266142.98
"IL","Kankakee",148333.33
"IL","Kendall",214797.50
"IL","Knox",76900.00
"IL","La Salle",127858.33
"IL","Lake",349944.33
"IL","Lee",129900.00
"IL","Livingston",100400.00
"IL","Logan",85750.00
"IL","Macon",141350.00
"IL","Macoupin",107450.00
"IL","Madison",144140.91
"IL","Marshall",189400.00
"IL","Massac",81950.00
"IL","McDonough",109900.00
"IL","McHenry",229795.63
"IL","McLean",180669.90
"IL","Menard",166900.00
"IL","Monroe",238000.00
"IL","Montgomery",77450.00
"IL","Morgan",114900.00
"IL","Moultrie",100000.00
"IL","Ogle",159566.67
"IL","Peoria",147591.82
"IL","Perry",76450.00
"IL","Piatt",175000.00
"IL","Putnam",131500.00
"IL","Richland",94900.00
"IL","Rock Island",95666.67
"IL","Saint Clair",131716.67
"IL","Saline",76675.00
"IL","Sangamon",182735.71
"IL","Stephenson",117450.00
"IL","Tazewell",136730.00
"IL","Vermilion",57000.00
"IL","Warren",86000.00
"IL","Washington",119500.00
"IL","Wayne",93500.00
"IL","White",99950.00
"IL","Whiteside",88366.67
"IL","Will",229104.40
"IL","Williamson",124400.00
"IL","Winnebago",118172.22
"IL","Woodford",165925.00
"IN","Adams",96500.00
"IN","Allen",140516.67
"IN","Bartholomew",199675.00
"IN","Blackford",59900.00
"IN","Boone",269530.00
"IN","Brown",289700.00
"IN","Cass",69000.00
"IN","Clark",260750.00
"IN","Clinton",77250.00
"IN","Dearborn",163200.00
"IN","Decatur",129950.00
"IN","Delaware",75600.00
"IN","Dubois",177500.00
"IN","Elkhart",214642.50
"IN","Floyd",261200.00
"IN","Franklin",143900.00
"IN","Grant",79550.00
"IN","Greene",107425.00
"IN","Hamilton",362175.36
"IN","Hancock",227946.67
"IN","Harrison",175400.00
"IN","Hendricks",229459.38
"IN","Howard",67900.00
"IN","Huntington",147400.00
"IN","Jackson",125700.00
"IN","Jasper",164900.00
"IN","Jefferson",144900.00
"IN","Jennings",96414.50
"IN","Johnson",230072.25
"IN","Kosciusko",236800.00
"IN","La Porte",169700.00
"IN","Lake",185538.54
"IN","Lawrence",100575.00
"IN","Madison",105920.00
"IN","Marion",165584.10
"IN","Marshall",204575.00
"IN","Miami",74900.00
"IN","Monroe",226871.70
"IN","Montgomery",124375.00
"IN","Morgan",200000.00
"IN","Noble",108500.00
"IN","Orange",87450.00
"IN","Parke",115000.00
"IN","Porter",243757.88
"IN","Pulaski",108950.00
"IN","Putnam",139900.00
"IN","Ripley",185900.00
"IN","Saint Joseph",128883.33
"IN","Scott",148400.00
"IN","Shelby",126000.00
"IN","Spencer",215000.00
"IN","Starke",137400.00
"IN","Steuben",200000.00
"IN","Tippecanoe",169112.50
"IN","Vanderburgh",128850.00
"IN","Vigo",88250.00
"IN","Wabash",93325.00
"IN","Warrick",261450.00
"IN","Wayne",74500.00
"IN","Wells",119500.00
"IN","White",149900.00
"IN","Whitley",160000.00
"KS","Allen",102000.00
"KS","Atchison",75000.00
"KS","Barton",119000.00
"KS","Butler",171475.00
"KS","Cherokee",61850.00
"KS","Cloud",63900.00
"KS","Coffey",138825.00
"KS","Cowley",69900.00
"KS","Crawford",80500.00
"KS","Dickinson",119700.00
"KS","Douglas",229984.90
"KS","Ellis",195000.00
"KS","Finney",206000.00
"KS","Ford",145000.00
"KS","Franklin",122225.00
"KS","Geary",119500.00
"KS","Grant",128500.00
"KS","Harvey",127000.00
"KS","Johnson",356090.67
"KS","Kingman",95250.00
"KS","Labette",59250.00
"KS","Leavenworth",219133.33
"KS","Lyon",121750.00
"KS","McPherson",148500.00
"KS","Montgomery",70500.00
"KS","Morris",169900.00
"KS","Neosho",79500.00
"KS","Pawnee",86200.00
"KS","Pottawatomie",235000.00
"KS","Pratt",92250.00
"KS","Reno",104950.00
"KS","Riley",209950.00
"KS","Russell",81950.00
"KS","Saline",130000.00
"KS","Sedgwick",164202.44
"KS","Seward",118500.00
"KS","Shawnee",128290.00
"KS","Sherman",94647.50
"KS","Sumner",68000.00
"KS","Wyandotte",136191.67
"KY","Adair",141500.00
"KY","Allen",115000.00
"KY","Anderson",164900.00
"KY","Barren",152500.00
"KY","Boone",228865.90
"KY","Boyd",150950.00
"KY","Boyle",192400.00
"KY","Bullitt",219400.00
"KY","Calloway",186000.00
"KY","Campbell",181735.00
"KY","Carroll",157400.00
"KY","Carter",99900.00
"KY","Christian",113424.75
"KY","Clark",165000.00
"KY","Clay",87450.00
"KY","Daviess",193128.33
"KY","Estill",98000.00
"KY","Fayette",245402.50
"KY","Fleming",129900.00
"KY","Floyd",121450.00
"KY","Franklin",153200.00
"KY","Garrard",169900.00
"KY","Grant",162250.00
"KY","Graves",119900.00
"KY","Grayson",145000.00
"KY","Hardin",164500.00
"KY","Harlan",89000.00
"KY","Harrison",142500.00
"KY","Henderson",165900.00
"KY","Hopkins",129900.00
"KY","Jefferson",204709.98
"KY","Jessamine",254800.00
"KY","Kenton",162599.00
"KY","Knox",119700.00
"KY","Larue",146500.00
"KY","Laurel",160950.00
"KY","Lincoln",120776.00
"KY","Lyon",252450.00
"KY","Madison",171450.00
"KY","Marion",124900.00
"KY","Marshall",164091.67
"KY","Mason",104950.00
"KY","McCracken",146075.00
"KY","Meade",184900.00
"KY","Menifee",79700.00
"KY","Mercer",161000.00
"KY","Montgomery",142000.00
"KY","Muhlenberg",109675.00
"KY","Nelson",179900.00
"KY","Oldham",344900.00
"KY","Owen",169000.00
"KY","Perry",146350.00
"KY","Pike",188250.00
"KY","Powell",117000.00
"KY","Pulaski",155700.00
"KY","Rowan",162200.00
"KY","Russell",137400.00
"KY","Scott",217470.00
"KY","Shelby",214900.00
"KY","Simpson",157500.00
"KY","Spencer",235000.00
"KY","Taylor",164500.00
"KY","Trigg",189500.00
"KY","Warren",226450.00
"KY","Wayne",154900.00
"KY","Whitley",129350.00
"KY","Woodford",261000.00
"LA","Acadia",159900.00
"LA","Ascension",242725.00
"LA","Avoyelles",140500.00
"LA","Beauregard",160249.50
"LA","Bossier",226737.50
"LA","Caddo",168030.00
"LA","Calcasieu",214995.00
"LA","Concordia",142000.00
"LA","De Soto",291500.00
"LA","East Baton Rouge",260305.56
"LA","Evangeline",109450.00
"LA","Iberia",147125.00
"LA","Jefferson",213416.67
"LA","Lafayette",211239.95
"LA","Lafourche",165231.88
"LA","Lincoln",257000.00
"LA","Livingston",213500.00
"LA","Morehouse",90000.00
"LA","Natchitoches",194500.00
"LA","Orleans",304438.32
"LA","Ouachita",246250.00
"LA","Plaquemines",359000.00
"LA","Rapides",188663.33
"LA","Saint Bernard",148300.00
"LA","Saint Charles",229500.00
"LA","Saint John the Baptist",150000.00
"LA","Saint Landry",129250.00
"LA","Saint Martin",163325.00
"LA","Saint Mary",142250.00
"LA","Saint Tammany",247212.50
"LA","Tangipahoa",183349.92
"LA","Terrebonne",175058.00
"LA","Vermilion",179925.00
"LA","Vernon",158500.00
"MA","Barnstable",529773.89
"MA","Berkshire",336322.22
"MA","Bristol",322326.56
"MA","Dukes",1561250.00
"MA","Essex",458830.43
"MA","Franklin",187450.00
"MA","Hampden",217731.63
"MA","Hampshire",264590.00
"MA","Middlesex",623710.31
"MA","Nantucket",2772500.00
"MA","Norfolk",732503.57
"MA","Plymouth",469775.68
"MA","Suffolk",605718.00
"MA","Worcester",333492.80
"MD","Allegany",101725.00
"MD","Anne Arundel",422390.50
"MD","Baltimore",296777.39
"MD","Baltimore City",198250.50
"MD","Calvert",354160.71
"MD","Caroline",172450.00
"MD","Carroll",357239.50
"MD","Cecil",232265.70
"MD","Charles",310571.94
"MD","Dorchester",202000.00
"MD","Frederick",372336.54
"MD","Garrett",369900.00
"MD","Harford",309482.20
"MD","Howard",517112.68
"MD","Kent",283000.00
"MD","Montgomery",566381.83
"MD","Prince Georges",313779.13
"MD","Queen Annes",388330.00
"MD","Saint Marys",289905.42
"MD","Somerset",129900.00
"MD","Talbot",527472.50
"MD","Washington",219787.50
"MD","Wicomico",164275.00
"MD","Worcester",265550.00
"ME","Androscoggin",163447.50
"ME","Aroostook",103783.33
"ME","Cumberland",340403.09
"ME","Franklin",209475.00
"ME","Hancock",182450.00
"ME","Kennebec",171466.67
"ME","Knox",299062.50
"ME","Lincoln",177000.00
"ME","Oxford",184000.00
"ME","Penobscot",161225.00
"ME","Piscataquis",147250.00
"ME","Sagadahoc",215000.00
"ME","Somerset",129000.00
"ME","Washington",149000.00
"ME","York",358105.00
"MI","Alcona",158100.00
"MI","Alger",159900.00
"MI","Allegan",263025.00
"MI","Alpena",82975.00
"MI","Antrim",158145.83
"MI","Barry",204950.00
"MI","Bay",93925.00
"MI","Benzie",336200.00
"MI","Berrien",227525.00
"MI","Branch",142450.00
"MI","Calhoun",99620.00
"MI","Cass",299900.00
"MI","Charlevoix",246812.50
"MI","Cheboygan",162225.00
"MI","Chippewa",133916.67
"MI","Clare",89837.50
"MI","Clinton",216200.00
"MI","Crawford",124900.00
"MI","Delta",108575.00
"MI","Dickinson",64900.00
"MI","Eaton",149900.00
"MI","Emmet",267000.00
"MI","Genesee",156866.56
"MI","Gladwin",111980.75
"MI","Gogebic",64900.00
"MI","Grand Traverse",280792.86
"MI","Gratiot",50000.00
"MI","Hillsdale",109000.00
"MI","Huron",100300.00
"MI","Ingham",138548.56
"MI","Ionia",137300.00
"MI","Iosco",102250.00
"MI","Iron",107299.75
"MI","Isabella",139116.67
"MI","Jackson",157761.67
"MI","Kalamazoo",175490.00
"MI","Kalkaska",127450.00
"MI","Kent",228512.06
"MI","Lake",106175.00
"MI","Lapeer",198200.00
"MI","Lenawee",154510.00
"MI","Livingston",276341.33
"MI","Luce",56950.00
"MI","Mackinac",199000.00
"MI","Macomb",189025.22
"MI","Manistee",159450.00
"MI","Marquette",140333.33
"MI","Mason",194900.00
"MI","Mecosta",154800.00
"MI","Menominee",81372.00
"MI","Midland",142450.00
"MI","Missaukee",139950.00
"MI","Monroe",166900.00
"MI","Montcalm",179900.00
"MI","Montmorency",94250.00
"MI","Muskegon",153699.75
"MI","Newaygo",134950.00
"MI","Oakland",311681.45
"MI","Oceana",178075.00
"MI","Ogemaw",127500.00
"MI","Ontonagon",67250.00
"MI","Osceola",115900.00
"MI","Otsego",129700.00
"MI","Ottawa",263748.13
"MI","Presque Isle",111750.00
"MI","Roscommon",103111.25
"MI","Saginaw",101710.00
"MI","Saint Clair",144212.50
"MI","Saint Joseph",152133.33
"MI","Sanilac",79400.00
"MI","Schoolcraft",105950.00
"MI","Shiawassee",134950.00
"MI","Tuscola",96216.67
"MI","Van Buren",181566.67
"MI","Washtenaw",310048.44
"MI","Wayne",173277.16
"MI","Wexford",114500.00
"MN","Aitkin",194725.00
"MN","Anoka",261093.50
"MN","Becker",265000.00
"MN","Beltrami",219500.00
"MN","Benton",169500.00
"MN","Blue Earth",245000.00
"MN","Carlton",159900.00
"MN","Carver",400550.40
"MN","Cass",174900.00
"MN","Chippewa",118500.00
"MN","Chisago",288700.00
"MN","Clay",220450.00
"MN","Cook",269900.00
"MN","Cottonwood",112000.00
"MN","Crow Wing",298220.00
"MN","Dakota",310902.50
"MN","Dodge",219900.00
"MN","Douglas",249900.00
"MN","Freeborn",91775.00
"MN","Goodhue",190000.00
"MN","Hennepin",365890.53
"MN","Houston",255000.00
"MN","Isanti",222475.00
"MN","Itasca",171250.00
"MN","Kanabec",164900.00
"MN","Kandiyohi",236193.75
"MN","Lake",154900.00
"MN","Lyon",160000.00
"MN","McLeod",171900.00
"MN","Meeker",129900.00
"MN","Mille Lacs",210725.00
"MN","Morrison",159900.00
"MN","Mower",99900.00
"MN","Nicollet",207200.00
"MN","Olmsted",288830.00
"MN","Otter Tail",174950.00
"MN","Pennington",177950.00
"MN","Ramsey",278171.43
"MN","Redwood",99700.00
"MN","Rice",328000.00
"MN","Roseau",149900.00
"MN","Saint Louis",192118.75
"MN","Scott",369740.00
"MN","Sherburne",272608.75
"MN","Stearns",210450.00
"MN","Steele",167450.00
"MN","Todd",129900.00
"MN","Wabasha",220000.00
"MN","Wadena",114900.00
"MN","Waseca",147200.00
"MN","Washington",374760.00
"MN","Winona",148750.00
"MN","Wright",282830.83
"MO","Adair",119000.00
"MO","Audrain",77250.00
"MO","Bates",141000.00
"MO","Benton",109125.00
"MO","Boone",214230.00
"MO","Buchanan",114950.00
"MO","Butler",129900.00
"MO","Callaway",151325.00
"MO","Camden",223187.50
"MO","Cape Girardeau",138266.67
"MO","Cass",234284.38
"MO","Cedar",128500.00
"MO","Christian",220450.00
"MO","Clay",234312.50
"MO","Clinton",125000.00
"MO","Cole",147450.00
"MO","Crawford",115225.00
"MO","Dallas",92400.00
"MO","Dent",114900.00
"MO","Douglas",114950.00
"MO","Franklin",196972.50
"MO","Gasconade",126950.00
"MO","Greene",189821.43
"MO","Henry",69500.00
"MO","Howell",134650.00
"MO","Jackson",197962.00
"MO","Jasper",155437.50
"MO","Jefferson",172741.67
"MO","Johnson",155900.00
"MO","Laclede",138500.00
"MO","Lawrence",113450.00
"MO","Lincoln",158650.00
"MO","Madison",109125.00
"MO","Marion",138000.00
"MO","Miller",147500.00
"MO","Morgan",179900.00
"MO","Newton",127100.00
"MO","Nodaway",137500.00
"MO","Oregon",109900.00
"MO","Perry",147000.00
"MO","Pettis",115000.00
"MO","Phelps",124400.00
"MO","Platte",317225.00
"MO","Polk",149750.00
"MO","Pulaski",127337.50
"MO","Putnam",82200.00
"MO","Randolph",87500.00
"MO","Saint Charles",246388.89
"MO","Saint Francois",122900.00
"MO","Saint Louis",262507.21
"MO","Saint Louis City",178877.78
"MO","Sainte Genevieve",114950.00
"MO","Saline",90000.00
"MO","Scott",118700.00
"MO","Stoddard",125000.00
"MO","Stone",246600.00
"MO","Taney",149900.00
"MO","Texas",129600.00
"MO","Vernon",110300.00
"MO","Warren",166900.00
"MO","Washington",92225.00
"MO","Webster",144900.00
"MO","Wright",142425.00
"MS","Adams",195000.00
"MS","Alcorn",164900.00
"MS","Clay",135000.00
"MS","Copiah",147500.00
"MS","DeSoto",235326.90
"MS","Forrest",162216.67
"MS","George",137450.00
"MS","Grenada",126000.00
"MS","Hancock",160700.00
"MS","Harrison",171470.00
"MS","Hinds",182650.00
"MS","Jackson",132532.14
"MS","Jones",114474.75
"MS","Lafayette",300000.00
"MS","Lamar",193650.00
"MS","Lauderdale",162000.00
"MS","Leake",90000.00
"MS","Lee",176966.67
"MS","Leflore",102350.00
"MS","Lincoln",167500.00
"MS","Lowndes",143633.33
"MS","Madison",296065.00
"MS","Marion",110000.00
"MS","Marshall",168950.00
"MS","Neshoba",95000.00
"MS","Oktibbeha",254950.00
"MS","Panola",139900.00
"MS","Pearl River",183616.67
"MS","Pike",185000.00
"MS","Rankin",216079.80
"MS","Simpson",115950.00
"MS","Stone",149950.00
"MS","Tate",159900.00
"MS","Tishomingo",149000.00
"MS","Union",162200.00
"MS","Warren",147450.00
"MS","Winston",110000.00
"MT","Beaverhead",270125.00
"MT","Broadwater",230900.00
"MT","Cascade",194383.33
"MT","Custer",169000.00
"MT","Dawson",175000.00
"MT","Deer Lodge",154500.00
"MT","Fergus",180000.00
"MT","Flathead",515750.00
"MT","Gallatin",413083.33
"MT","Glacier",122500.00
"MT","Hill",188500.00
"MT","Jefferson",311200.00
"MT","Lake",284750.00
"MT","Lewis and Clark",276266.67
"MT","Lincoln",302966.67
"MT","Madison",395000.00
"MT","Missoula",328345.83
"MT","Park",369000.00
"MT","Ravalli",393974.75
"MT","Sanders",249750.00
"MT","Silver Bow",148250.00
"MT","Toole",119000.00
"MT","Yellowstone",267440.00
"NC","Alamance",206000.00
"NC","Alleghany",299000.00
"NC","Ashe",254025.00
"NC","Avery",228100.00
"NC","Beaufort",269675.00
"NC","Brunswick",304881.94
"NC","Buncombe",397744.17
"NC","Burke",189900.00
"NC","Cabarrus",246067.00
"NC","Caldwell",162225.00
"NC","Camden",256850.00
"NC","Carteret",304518.00
"NC","Catawba",202783.33
"NC","Chatham",291125.00
"NC","Cherokee",167473.75
"NC","Chowan",222450.00
"NC","Clay",264900.00
"NC","Cleveland",151050.00
"NC","Columbus",139000.00
"NC","Craven",175750.00
"NC","Cumberland",169074.46
"NC","Currituck",455080.00
"NC","Dare",417701.00
"NC","Davidson",149925.00
"NC","Davie",221450.00
"NC","Duplin",114500.00
"NC","Durham",295831.00
"NC","Edgecombe",109900.00
"NC","Forsyth",217891.68
"NC","Franklin",243533.33
"NC","Gaston",208358.93
"NC","Granville",191250.00
"NC","Guilford",200807.36
"NC","Halifax",115863.50
"NC","Harnett",194957.14
"NC","Haywood",262430.00
"NC","Henderson",362381.25
"NC","Hertford",122500.00
"NC","Hoke",177000.00
"NC","Hyde",395000.00
"NC","Iredell",266738.00
"NC","Jackson",369575.00
"NC","Johnston",212225.00
"NC","Lee",185300.00
"NC","Lenoir",114533.33
"NC","Lincoln",269900.00
"NC","Macon",327837.50
"NC","Madison",315066.67
"NC","McDowell",194500.00
"NC","Mecklenburg",313846.56
"NC","Mitchell",207816.67
"NC","Moore",280379.08
"NC","Nash",106716.67
"NC","New Hanover",355994.89
"NC","Northampton",399000.00
"NC","Onslow",177448.21
"NC","Orange",445387.50
"NC","Pamlico",266000.00
"NC","Pasquotank",179900.00
"NC","Pender",263275.00
"NC","Perquimans",229000.00
"NC","Person",334450.00
"NC","Pitt",176166.67
"NC","Polk",352450.00
"NC","Randolph",144137.50
"NC","Richmond",125000.00
"NC","Robeson",133500.00
"NC","Rockingham",150600.00
"NC","Rowan",169300.00
"NC","Rutherford",281470.00
"NC","Sampson",134500.00
"NC","Scotland",122750.00
"NC","Stanly",191132.50
"NC","Stokes",149900.00
"NC","Surry",133450.00
"NC","Swain",249000.00
"NC","Transylvania",422666.67
"NC","Union",338312.50
"NC","Vance",177000.00
"NC","Wake",371938.35
"NC","Warren",425000.00
"NC","Watauga",384033.33
"NC","Wayne",168633.33
"NC","Wilkes",199800.00
"NC","Wilson",136420.00
"NC","Yancey",279000.00
"ND","Bottineau",199450.00
"ND","Burleigh",276600.00
"ND","Cass",238472.50
"ND","McKenzie",265000.00
"ND","Mercer",195000.00
"ND","Morton",239995.00
"ND","Ramsey",164500.00
"ND","Stark",239900.00
"ND","Stutsman",189900.00
"ND","Ward",214900.00
"ND","Williams",250000.00
"NE","Buffalo",219600.00
"NE","Cheyenne",134900.00
"NE","Douglas",210684.72
"NE","Hall",180750.00
"NE","Keith",125500.00
"NE","Lancaster",242783.33
"NE","Lincoln",165000.00
"NE","Madison",183500.00
"NE","Nemaha",103500.00
"NE","Otoe",149000.00
"NE","Platte",182200.00
"NE","Sarpy",267933.80
"NE","Scotts Bluff",164500.00
"NE","Seward",199900.00
"NH","Belknap",278814.29
"NH","Carroll",212187.50
"NH","Cheshire",214025.00
"NH","Coos",131058.33
"NH","Grafton",278250.00
"NH","Hillsborough",315695.24
"NH","Merrimack",301143.69
"NH","Rockingham",429058.82
"NH","Strafford",283883.33
"NH","Sullivan",198483.33
"NJ","Atlantic",243910.00
"NJ","Bergen",708408.04
"NJ","Burlington",235764.41
"NJ","Camden",166982.09
"NJ","Cape May",463745.00
"NJ","Cumberland",130512.50
"NJ","Essex",408148.77
"NJ","Gloucester",187223.21
"NJ","Hudson",478049.95
"NJ","Hunterdon",454658.64
"NJ","Mercer",298793.00
"NJ","Middlesex",323050.07
"NJ","Monmouth",552199.82
"NJ","Morris",462086.48
"NJ","Ocean",391724.04
"NJ","Passaic",286488.91
"NJ","Salem",142450.00
"NJ","Somerset",553034.50
"NJ","Sussex",219092.31
"NJ","Union",398224.00
"NJ","Warren",222782.42
"NM","Bernalillo",250432.29
"NM","Chaves",153500.00
"NM","Cibola",114900.00
"NM","Colfax",207975.00
"NM","Curry",163000.00
"NM","Dona Ana",199043.00
"NM","Eddy",168000.00
"NM","Grant",215500.00
"NM","Lea",181483.33
"NM","Lincoln",304250.00
"NM","Los Alamos",335000.00
"NM","Luna",122000.00
"NM","McKinley",159900.00
"NM","Otero",182450.00
"NM","Rio Arriba",188500.00
"NM","Roosevelt",139000.00
"NM","San Juan",198337.50
"NM","San Miguel",159000.00
"NM","Sandoval",329550.00
"NM","Santa Fe",490250.00
"NM","Sierra",138650.00
"NM","Socorro",147000.00
"NM","Taos",334487.50
"NM","Valencia",147725.00
"NV","Carson City",335983.33
"NV","Churchill",238900.00
"NV","Clark",294119.68
"NV","Douglas",428983.33
"NV","Elko",277787.50
"NV","Humboldt",239900.00
"NV","Lyon",237316.67
"NV","Nye",197450.00
"NV","Washoe",451996.63
"NY","Albany",260449.95
"NY","Bronx",349056.25
"NY","Broome",109412.50
"NY","Cattaraugus",133550.00
"NY","Cayuga",109900.00
"NY","Chautauqua",168312.50
"NY","Chemung",115337.50
"NY","Chenango",120475.00
"NY","Clinton",139000.00
"NY","Columbia",348321.43
"NY","Cortland",119000.00
"NY","Delaware",165678.57
"NY","Dutchess",330740.28
"NY","Erie",179481.67
"NY","Essex",329900.00
"NY","Franklin",86250.00
"NY","Fulton",107225.00
"NY","Genesee",97499.00
"NY","Greene",231816.67
"NY","Herkimer",192750.00
"NY","Jefferson",157837.50
"NY","Kings",786449.73
"NY","Lewis",125950.00
"NY","Livingston",143900.00
"NY","Madison",191837.50
"NY","Monroe",148090.63
"NY","Montgomery",141200.00
"NY","Nassau",757562.00
"NY","New York",1828154.77
"NY","Niagara",116741.67
"NY","Oneida",151587.50
"NY","Onondaga",164539.38
"NY","Ontario",227900.00
"NY","Orange",313166.53
"NY","Orleans",74000.00
"NY","Oswego",98013.00
"NY","Otsego",208616.67
"NY","Putnam",478399.92
"NY","Queens",608029.91
"NY","Rensselaer",204493.75
"NY","Richmond",548554.68
"NY","Rockland",468291.67
"NY","Saint Lawrence",98680.00
"NY","Saratoga",311599.75
"NY","Schenectady",185858.17
"NY","Schoharie",134900.00
"NY","Seneca",125550.00
"NY","Steuben",110700.00
"NY","Suffolk",804924.70
"NY","Sullivan",170120.00
"NY","Tioga",115000.00
"NY","Tompkins",299500.00
"NY","Ulster",253581.77
"NY","Warren",206050.00
"NY","Washington",154025.00
"NY","Wayne",136733.33
"NY","Westchester",847695.33
"OH","Ashtabula",85283.33
"OH","Athens",215000.00
"OH","Auglaize",129925.00
"OH","Belmont",189700.00
"OH","Brown",129450.00
"OH","Butler",177818.65
"OH","Carroll",145325.00
"OH","Champaign",119900.00
"OH","Clark",107500.00
"OH","Clermont",221988.79
"OH","Columbiana",106812.50
"OH","Coshocton",89900.00
"OH","Crawford",81550.00
"OH","Cuyahoga",172219.01
"OH","Darke",99500.00
"OH","Delaware",347215.00
"OH","Erie",212116.67
"OH","Fairfield",275990.00
"OH","Franklin",244770.97
"OH","Fulton",141450.00
"OH","Gallia",124900.00
"OH","Geauga",331275.00
"OH","Greene",166716.67
"OH","Guernsey",103900.00
"OH","Hamilton",233481.92
"OH","Hancock",174900.00
"OH","Henry",109000.00
"OH","Highland",113949.50
"OH","Hocking",130900.00
"OH","Huron",122500.00
"OH","Jackson",149900.00
"OH","Jefferson",133700.00
"OH","Knox",139175.00
"OH","Lake",163263.79
"OH","Lawrence",136566.67
"OH","Licking",197586.25
"OH","Logan",126250.00
"OH","Lorain",187993.08
"OH","Lucas",151376.67
"OH","Mahoning",97255.56
"OH","Marion",73900.00
"OH","Medina",212148.75
"OH","Mercer",159900.00
"OH","Miami",173250.00
"OH","Montgomery",128005.00
"OH","Morrow",144900.00
"OH","Muskingum",114900.00
"OH","Ottawa",239725.00
"OH","Pickaway",143900.00
"OH","Portage",177100.00
"OH","Preble",119900.00
"OH","Richland",106650.00
"OH","Ross",144000.00
"OH","Sandusky",102100.00
"OH","Scioto",122133.33
"OH","Seneca",103700.00
"OH","Shelby",112500.00
"OH","Stark",145345.71
"OH","Summit",169695.45
"OH","Trumbull",102096.50
"OH","Tuscarawas",106425.00
"OH","Union",351492.50
"OH","Warren",296697.50
"OH","Washington",132475.00
"OH","Wayne",127983.33
"OH","Williams",88750.00
"OH","Wood",178908.75
"OK","Beckham",123350.00
"OK","Bryan",169900.00
"OK","Caddo",75000.00
"OK","Canadian",221027.17
"OK","Carter",159000.00
"OK","Cherokee",153300.00
"OK","Cleveland",203124.80
"OK","Comanche",142176.25
"OK","Craig",134900.00
"OK","Creek",122950.00
"OK","Custer",164975.00
"OK","Delaware",217166.67
"OK","Garfield",122400.00
"OK","Grady",270000.00
"OK","Greer",62500.00
"OK","Hughes",95000.00
"OK","Jackson",125000.00
"OK","Kay",132475.00
"OK","LeFlore",119400.00
"OK","Logan",199900.00
"OK","Marshall",222500.00
"OK","Mayes",140950.00
"OK","McClain",202675.00
"OK","Muskogee",140475.00
"OK","Noble",99900.00
"OK","Oklahoma",209069.60
"OK","Okmulgee",74975.00
"OK","Osage",190000.00
"OK","Ottawa",85000.00
"OK","Payne",201073.25
"OK","Pittsburg",142400.00
"OK","Pontotoc",159900.00
"OK","Pottawatomie",133925.00
"OK","Rogers",158100.00
"OK","Sequoyah",137199.83
"OK","Stephens",100000.00
"OK","Tulsa",181632.96
"OK","Wagoner",136680.00
"OK","Washington",111900.00
"OK","Washita",84700.00
"OK","Woods",95750.00
"OK","Woodward",161500.00
"OR","Baker",165000.00
"OR","Benton",399400.00
"OR","Clackamas",472154.83
"OR","Clatsop",370487.50
"OR","Columbia",293661.88
"OR","Coos",254289.90
"OR","Crook",499000.00
"OR","Curry",399900.00
"OR","Deschutes",463450.00
"OR","Douglas",205675.00
"OR","Hood River",535500.00
"OR","Jackson",354485.71
"OR","Jefferson",319450.00
"OR","Josephine",333725.00
"OR","Klamath",201100.00
"OR","Lane",294506.05
"OR","Lincoln",359528.57
"OR","Linn",269250.00
"OR","Malheur",174950.00
"OR","Marion",302127.86
"OR","Multnomah",444240.17
"OR","Polk",302200.00
"OR","Tillamook",392591.67
"OR","Umatilla",186666.67
"OR","Union",204514.50
"OR","Washington",424718.59
"OR","Yamhill",356268.00
"PA","Adams",262983.67
"PA","Allegheny",173584.60
"PA","Armstrong",109000.00
"PA","Beaver",175124.92
"PA","Bedford",147250.00
"PA","Berks",177498.36
"PA","Blair",117037.50
"PA","Bradford",141450.00
"PA","Bucks",385422.08
"PA","Butler",296781.50
"PA","Cambria",81933.33
"PA","Carbon",164424.75
"PA","Centre",304466.67
"PA","Chester",385082.25
"PA","Clarion",97225.00
"PA","Clearfield",149900.00
"PA","Clinton",164950.00
"PA","Columbia",141500.00
"PA","Crawford",103340.00
"PA","Cumberland",231043.75
"PA","Dauphin",184383.33
"PA","Delaware",283606.77
"PA","Elk",110000.00
"PA","Erie",155478.57
"PA","Fayette",100683.33
"PA","Franklin",199520.71
"PA","Greene",145000.00
"PA","Indiana",114200.00
"PA","Jefferson",107375.00
"PA","Lackawanna",136570.83
"PA","Lancaster",253738.71
"PA","Lawrence",81199.83
"PA","Lebanon",241950.00
"PA","Lehigh",263531.32
"PA","Luzerne",131631.59
"PA","Lycoming",169937.50
"PA","McKean",79900.00
"PA","Mercer",119475.00
"PA","Mifflin",80000.00
"PA","Monroe",159058.11
"PA","Montgomery",396781.23
"PA","Northampton",239253.89
"PA","Northumberland",119466.67
"PA","Philadelphia",217209.53
"PA","Pike",169915.50
"PA","Potter",147816.00
"PA","Schuylkill",122149.83
"PA","Snyder",202900.00
"PA","Somerset",219237.50
"PA","Sullivan",169000.00
"PA","Susquehanna",158216.50
"PA","Tioga",177450.00
"PA","Union",222449.75
"PA","Venango",85450.00
"PA","Washington",233442.86
"PA","Wayne",179570.00
"PA","Westmoreland",136630.77
"PA","Wyoming",188450.00
"PA","York",220442.58
"RI","Bristol",448283.33
"RI","Kent",274178.57
"RI","Newport",563500.00
"RI","Providence",263460.57
"RI","Washington",505820.56
"SC","Abbeville",169900.00
"SC","Aiken",207971.67
"SC","Anderson",212039.00
"SC","Beaufort",379399.44
"SC","Berkeley",224829.50
"SC","Charleston",625329.33
"SC","Cherokee",149450.00
"SC","Chesterfield",149700.00
"SC","Clarendon",181950.00
"SC","Colleton",307875.00
"SC","Darlington",140700.00
"SC","Dillon",89250.00
"SC","Dorchester",263963.33
"SC","Fairfield",299000.00
"SC","Florence",163633.33
"SC","Georgetown",285950.00
"SC","Greenville",284540.90
"SC","Greenwood",143950.00
"SC","Hampton",90000.00
"SC","Horry",198075.69
"SC","Jasper",234598.75
"SC","Kershaw",214766.67
"SC","Lancaster",245400.00
"SC","Laurens",139075.00
"SC","Lexington",188280.19
"SC","Marion",110000.00
"SC","McCormick",259000.00
"SC","Oconee",263383.33
"SC","Orangeburg",135733.33
"SC","Pickens",347375.90
"SC","Richland",168820.77
"SC","Spartanburg",191296.25
"SC","Sumter",150299.25
"SC","Union",77000.00
"SC","York",293708.33
"SD","Beadle",148250.00
"SD","Brookings",217900.00
"SD","Brown",174000.00
"SD","Butte",178900.00
"SD","Fall River",218500.00
"SD","Lawrence",325000.00
"SD","Lincoln",220950.00
"SD","Meade",225000.00
"SD","Minnehaha",224776.25
"SD","Pennington",242462.50
"SD","Union",325000.00
"SD","Yankton",168450.00
"TN","Anderson",219550.00
"TN","Bedford",179900.00
"TN","Benton",126950.00
"TN","Blount",269085.71
"TN","Bradley",197450.00
"TN","Campbell",149900.00
"TN","Cannon",179900.00
"TN","Carroll",122000.00
"TN","Carter",139900.00
"TN","Cheatham",298400.00
"TN","Chester",138500.00
"TN","Cocke",147450.00
"TN","Coffee",179700.00
"TN","Cumberland",185575.00
"TN","Davidson",390044.21
"TN","Dickson",199900.00
"TN","Dyer",114500.00
"TN","Fayette",397100.00
"TN","Fentress",129900.00
"TN","Franklin",295000.00
"TN","Gibson",205900.00
"TN","Giles",168900.00
"TN","Greene",163150.00
"TN","Hamblen",144887.50
"TN","Hamilton",238877.23
"TN","Hardeman",105450.00
"TN","Hardin",192499.50
"TN","Hawkins",146266.67
"TN","Henderson",140450.00
"TN","Henry",119950.00
"TN","Hickman",174950.00
"TN","Jefferson",279900.00
"TN","Johnson",277000.00
"TN","Knox",230856.25
"TN","Lauderdale",74250.00
"TN","Lawrence",159450.00
"TN","Lincoln",145950.00
"TN","Loudon",285616.67
"TN","Macon",142900.00
"TN","Madison",123062.50
"TN","Maury",288745.00
"TN","McMinn",133675.00
"TN","McNairy",144700.00
"TN","Monroe",218225.00
"TN","Montgomery",206633.33
"TN","Obion",124500.00
"TN","Overton",154900.00
"TN","Putnam",187821.50
"TN","Rhea",163150.00
"TN","Roane",168616.67
"TN","Robertson",222400.00
"TN","Rutherford",263930.58
"TN","Sevier",227250.00
"TN","Shelby",201284.58
"TN","Sullivan",190628.57
"TN","Sumner",290446.67
"TN","Tipton",185000.00
"TN","Unicoi",135000.00
"TN","Union",240918.75
"TN","Warren",154200.00
"TN","Washington",196270.00
"TN","Weakley",134900.00
"TN","White",145400.00
"TN","Williamson",572048.00
"TN","Wilson",346100.00
"TX","Anderson",136625.00
"TX","Andrews",214000.00
"TX","Angelina",184950.00
"TX","Aransas",257500.00
"TX","Austin",319000.00
"TX","Bandera",297250.00
"TX","Bastrop",223430.00
"TX","Bee",149950.00
"TX","Bell",171528.72
"TX","Bexar",266395.99
"TX","Bosque",146450.00
"TX","Bowie",146099.75
"TX","Brazoria",237098.70
"TX","Brazos",239710.00
"TX","Brewster",212000.00
"TX","Brown",132416.67
"TX","Burleson",296000.00
"TX","Burnet",338700.00
"TX","Caldwell",219900.00
"TX","Calhoun",261457.50
"TX","Cameron",178981.82
"TX","Cass",120000.00
"TX","Chambers",204450.00
"TX","Cherokee",155950.00
"TX","Coleman",71215.00
"TX","Collin",383573.54
"TX","Colorado",286717.00
"TX","Comal",364253.33
"TX","Comanche",141200.00
"TX","Cooke",227400.00
"TX","Coryell",133500.00
"TX","Dallas",352953.01
"TX","Denton",335524.45
"TX","Ector",189900.00
"TX","El Paso",159058.50
"TX","Ellis",292381.25
"TX","Erath",219950.00
"TX","Fort Bend",293520.35
"TX","Freestone",162000.00
"TX","Gaines",209500.00
"TX","Galveston",251983.64
"TX","Gillespie",489000.00
"TX","Gonzales",212985.00
"TX","Gray",119900.00
"TX","Gregg",166771.43
"TX","Grimes",211990.00
"TX","Guadalupe",264130.00
"TX","Hale",112000.00
"TX","Hardin",211700.00
"TX","Harris",289200.53
"TX","Harrison",208750.00
"TX","Haskell",86400.00
"TX","Hays",367745.67
"TX","Henderson",223987.50
"TX","Hidalgo",179373.08
"TX","Hill",159900.00
"TX","Hockley",169900.00
"TX","Hood",271975.00
"TX","Hopkins",153900.00
"TX","Houston",177000.00
"TX","Howard",148500.00
"TX","Hunt",213784.00
"TX","Hutchinson",99000.00
"TX","Jasper",137450.00
"TX","Jefferson",155656.75
"TX","Jim Wells",127250.00
"TX","Johnson",239446.17
"TX","Kaufman",213496.67
"TX","Kendall",501450.00
"TX","Kerr",325000.00
"TX","Kleberg",125000.00
"TX","Lampasas",205000.00
"TX","Lavaca",230150.00
"TX","Lee",205000.00
"TX","Liberty",284495.00
"TX","Limestone",127400.00
"TX","Live Oak",281950.00
"TX","Llano",479250.00
"TX","Lubbock",174846.88
"TX","Madison",159000.00
"TX","Marion",189500.00
"TX","Matagorda",241633.33
"TX","Maverick",145000.00
"TX","McCulloch",149900.00
"TX","McLennan",202350.00
"TX","Medina",389900.00
"TX","Midland",256900.00
"TX","Mitchell",81250.00
"TX","Montague",119500.00
"TX","Montgomery",316953.93
"TX","Moore",192500.00
"TX","Nacogdoches",249900.00
"TX","Navarro",136000.00
"TX","Nolan",126450.00
"TX","Nueces",204525.00
"TX","Orange",162975.00
"TX","Palo Pinto",322499.50
"TX","Panola",179950.00
"TX","Parker",328324.17
"TX","Pecos",184500.00
"TX","Polk",189500.00
"TX","Potter",183023.85
"TX","Rains",245000.00
"TX","Randall",229950.00
"TX","Rockwall",332993.00
"TX","Rusk",146966.67
"TX","San Jacinto",280000.00
"TX","San Patricio",201200.00
"TX","Scurry",129900.00
"TX","Smith",238194.44
"TX","Somervell",257000.00
"TX","Starr",140706.00
"TX","Tarrant",271679.58
"TX","Taylor",155670.00
"TX","Titus",168000.00
"TX","Tom Green",171100.00
"TX","Travis",431425.04
"TX","Trinity",137575.00
"TX","Tyler",119950.00
"TX","Upshur",161325.00
"TX","Uvalde",195250.00
"TX","Val Verde",173450.00
"TX","Van Zandt",255000.00
"TX","Victoria",261150.00
"TX","Walker",221675.00
"TX","Waller",298945.00
"TX","Washington",272200.00
"TX","Webb",211975.00
"TX","Wharton",165000.00
"TX","Wichita",112020.00
"TX","Williamson",289399.92
"TX","Wilson",324675.00
"TX","Wise",289615.33
"TX","Wood",180980.00
"TX","Young",153500.00
"UT","Beaver",184999.50
"UT","Box Elder",226250.00
"UT","Cache",299625.00
"UT","Carbon",130000.00
"UT","Davis",337184.00
"UT","Duchesne",199900.00
"UT","Garfield",239900.00
"UT","Iron",246900.00
"UT","Kane",270610.00
"UT","Salt Lake",378581.40
"UT","Summit",1780611.25
"UT","Tooele",284500.00
"UT","Uintah",189000.00
"UT","Utah",343122.37
"UT","Wasatch",578675.00
"UT","Washington",359708.33
"UT","Weber",265412.64
"VA","Accomack",225966.67
"VA","Albemarle",473273.75
"VA","Alexandria City",1134000.00
"VA","Amelia",238200.00
"VA","Amherst",169900.00
"VA","Appomattox",165000.00
"VA","Arlington",668705.70
"VA","Augusta",250350.25
"VA","Bedford",317225.00
"VA","Botetourt",224825.00
"VA","Bristol City",104900.00
"VA","Buena Vista City",97500.00
"VA","Campbell",184900.00
"VA","Caroline",214925.00
"VA","Carroll",154725.00
"VA","Chesapeake City",290684.33
"VA","Chesterfield",336036.50
"VA","Clarke",472249.50
"VA","Colonial Heights City",172500.00
"VA","Culpeper",304990.00
"VA","Danville City",129000.00
"VA","Essex",215000.00
"VA","Fairfax",623190.84
"VA","Fauquier",457596.25
"VA","Floyd",259900.00
"VA","Fluvanna",238915.00
"VA","Franklin",421322.50
"VA","Franklin City",158950.00
"VA","Frederick",283976.00
"VA","Galax City",149900.00
"VA","Gloucester",272400.00
"VA","Grayson",149500.00
"VA","Greene",284900.00
"VA","Halifax",129780.00
"VA","Hampton City",171102.00
"VA","Hanover",337634.17
"VA","Harrisonburg City",243491.25
"VA","Henrico",323130.75
"VA","Henry",106675.00
"VA","Hopewell City",115425.00
"VA","Isle of Wight",354725.00
"VA","James City",322962.50
"VA","King George",338945.00
"VA","King William",226250.00
"VA","Lancaster",397187.50
"VA","Loudoun",554186.12
"VA","Louisa",286199.88
"VA","Lynchburg City",182433.33
"VA","Madison",289900.00
"VA","Manassas Park City",352444.00
"VA","Mathews",286750.00
"VA","Mecklenburg",186200.00
"VA","Middlesex",276300.00
"VA","Montgomery",262474.50
"VA","Nelson",274750.00
"VA","New Kent",329571.25
"VA","Newport News City",193320.00
"VA","Norfolk City",199800.00
"VA","Northampton",231000.00
"VA","Northumberland",339450.00
"VA","Norton City",98116.50
"VA","Orange",219950.00
"VA","Page",179900.00
"VA","Patrick",162225.00
"VA","Petersburg City",119010.75
"VA","Pittsylvania",115000.00
"VA","Poquoson City",325000.00
"VA","Portsmouth City",153010.00
"VA","Powhatan",372950.00
"VA","Prince Edward",189000.00
"VA","Prince George",214950.00
"VA","Prince William",424753.23
"VA","Pulaski",162500.00
"VA","Radford City",179450.00
"VA","Rappahannock",394500.00
"VA","Richmond",175000.00
"VA","Richmond City",197770.00
"VA","Roanoke",181225.00
"VA","Roanoke City",148563.92
"VA","Rockbridge",289000.00
"VA","Rockingham",215600.00
"VA","Russell",146350.00
"VA","Salem City",199950.00
"VA","Shenandoah",197800.00
"VA","Smyth",137450.00
"VA","Spotsylvania",349885.71
"VA","Stafford",359122.50
"VA","Staunton City",195250.00
"VA","Suffolk City",281649.83
"VA","Tazewell",119487.50
"VA","Virginia Beach City",317014.11
"VA","Warren",252500.00
"VA","Washington",235450.00
"VA","Waynesboro City",199900.00
"VA","Westmoreland",233625.00
"VA","Wise",142112.50
"VA","Wythe",163233.33
"VA","York",380171.33
"VT","Addison",280975.00
"VT","Bennington",336578.57
"VT","Caledonia",183000.00
"VT","Chittenden",388950.00
"VT","Franklin",216031.50
"VT","Grand Isle",215000.00
"VT","Lamoille",251912.50
"VT","Orange",200000.00
"VT","Orleans",200420.00
"VT","Rutland",180783.33
"VT","Washington",226625.00
"VT","Windham",319562.50
"VT","Windsor",266950.00
"WA","Adams",229900.00
"WA","Asotin",229000.00
"WA","Benton",306908.25
"WA","Chelan",299000.00
"WA","Clallam",238566.67
"WA","Clark",390659.12
"WA","Columbia",171950.00
"WA","Cowlitz",227000.00
"WA","Douglas",340950.00
"WA","Ferry",159900.00
"WA","Franklin",298094.00
"WA","Grant",204800.00
"WA","Grays Harbor",181937.50
"WA","Island",407137.50
"WA","Jefferson",415000.00
"WA","King",648869.51
"WA","Kitsap",393690.00
"WA","Kittitas",339000.00
"WA","Klickitat",347750.00
"WA","Lewis",244633.33
"WA","Mason",204649.83
"WA","Okanogan",264450.00
"WA","Pacific",229150.00
"WA","Pierce",349536.72
"WA","San Juan",698237.50
"WA","Skagit",372383.33
"WA","Snohomish",464896.14
"WA","Spokane",234281.23
"WA","Stevens",211725.00
"WA","Thurston",302902.50
"WA","Wahkiakum",239900.00
"WA","Walla Walla",267730.25
"WA","Whatcom",406320.00
"WA","Whitman",295035.00
"WA","Yakima",230855.75
"WI","Adams",161000.00
"WI","Ashland",149900.00
"WI","Barron",173650.00
"WI","Bayfield",224133.33
"WI","Brown",200837.50
"WI","Burnett",160150.00
"WI","Calumet",139900.00
"WI","Chippewa",214900.00
"WI","Clark",107900.00
"WI","Columbia",242283.33
"WI","Crawford",137500.00
"WI","Dane",313246.56
"WI","Dodge",140599.83
"WI","Door",267308.33
"WI","Douglas",128900.00
"WI","Dunn",194330.00
"WI","Eau Claire",189900.00
"WI","Florence",149450.00
"WI","Fond du Lac",179287.50
"WI","Forest",139900.00
"WI","Grant",172900.00
"WI","Green",160000.00
"WI","Green Lake",144375.00
"WI","Iowa",169225.00
"WI","Iron",177500.00
"WI","Jackson",149950.00
"WI","Jefferson",235850.00
"WI","Juneau",114900.00
"WI","Kenosha",180216.33
"WI","Kewaunee",179900.00
"WI","La Crosse",215850.00
"WI","Langlade",127000.00
"WI","Lincoln",127400.00
"WI","Manitowoc",92400.00
"WI","Marathon",146566.67
"WI","Marinette",104900.00
"WI","Marquette",136283.33
"WI","Milwaukee",171725.36
"WI","Monroe",143975.00
"WI","Oconto",114900.00
"WI","Oneida",239175.00
"WI","Outagamie",201907.14
"WI","Ozaukee",352216.67
"WI","Pierce",279950.00
"WI","Polk",174900.00
"WI","Portage",189700.00
"WI","Price",119900.00
"WI","Racine",243647.50
"WI","Rock",167067.43
"WI","Rusk",118450.00
"WI","Saint Croix",266600.00
"WI","Sauk",199100.00
"WI","Sawyer",266533.33
"WI","Shawano",108900.00
"WI","Sheboygan",197437.50
"WI","Taylor",148900.00
"WI","Vernon",199900.00
"WI","Vilas",267433.33
"WI","Walworth",241733.17
"WI","Washburn",211698.75
"WI","Washington",245341.67
"WI","Waukesha",332558.25
"WI","Waupaca",139600.00
"WI","Waushara",149900.00
"WI","Winnebago",226650.00
"WI","Wood",118200.00
"WV","Berkeley",193986.56
"WV","Boone",104450.00
"WV","Cabell",127466.50
"WV","Fayette",125675.00
"WV","Grant",149900.00
"WV","Greenbrier",226950.00
"WV","Hampshire",124950.00
"WV","Hancock",89700.00
"WV","Hardy",134950.00
"WV","Harrison",274900.00
"WV","Jackson",125500.00
"WV","Jefferson",253474.88
"WV","Kanawha",141033.28
"WV","Logan",127150.00
"WV","Marion",149000.00
"WV","Mercer",118616.67
"WV","Mineral",118950.00
"WV","Monongalia",228499.83
"WV","Morgan",169999.00
"WV","Nicholas",143900.00
"WV","Ohio",129450.00
"WV","Pendleton",165000.00
"WV","Pocahontas",88925.00
"WV","Preston",167350.00
"WV","Putnam",246366.67
"WV","Raleigh",174750.00
"WV","Randolph",140000.00
"WV","Tucker",230000.00
"WV","Upshur",150000.00
"WV","Wood",123215.00
"WY","Albany",276700.00
"WY","Campbell",198675.00
"WY","Carbon",168250.00
"WY","Converse",219000.00
"WY","Fremont",248816.67
"WY","Goshen",151700.00
"WY","Hot Springs",166500.00
"WY","Johnson",242000.00
"WY","Laramie",267966.67
"WY","Lincoln",254400.00
"WY","Natrona",216600.00
"WY","Park",310974.50
"WY","Platte",178900.00
"WY","Sheridan",224900.00
"WY","Sublette",239625.00
"WY","Sweetwater",231000.00
"WY","Uinta",175000.00
"WY","Washakie",169250.00
"WY","Weston",139900.00
